host_latin,host_english,host_family
Atelerix albiventris,Four-toed Hedgehog,Erinaceidae
Atelerix algirus,North African Hedgehog,Erinaceidae
Atelerix frontalis,Southern African Hedgehog,Erinaceidae
Atelerix sclateri,Somali Hedgehog,Erinaceidae
Erinaceus amurensis,Amur Hedgehog,Erinaceidae
Erinaceus concolor,Southern White-breasted Hedgehog,Erinaceidae
Erinaceus europaeus,West European Hedgehog,Erinaceidae
Erinaceus roumanicus,Northern White-breasted Hedgehog,Erinaceidae
Hemiechinus auritus,Common Long-eared Hedgehog,Erinaceidae
Hemiechinus collaris,Indian Long-eared Hedgehog,Erinaceidae
Mesechinus dauuricus,Daurian Hedgehog,Erinaceidae
Mesechinus hughi,Hugh's Hedgehog,Erinaceidae
Mesechinus miodon,Small-toothed Forest Hedgehog,Erinaceidae
Mesechinus wangi,Wang's Forest Hedgehog,Erinaceidae
Paraechinus aethiopicus,Desert Hedgehog,Erinaceidae
Paraechinus hypomelas,Brandt's Hedgehog,Erinaceidae
Paraechinus micropus,Indian Hedgehog,Erinaceidae
Paraechinus nudiventris,Bare-bellied Hedgehog,Erinaceidae
Echinosorex gymnura,Moonrat,Erinaceidae
Otohylomys megalotis,Long-eared Gymnure,Erinaceidae
Hylomys parvus,Dwarf Gymnure,Erinaceidae
Hylomys suillus,Javan Short-tailed Gymnure,Erinaceidae
Neohylomys hainanensis,Hainan Gymnure,Erinaceidae
Neotetracus sinensis,Shrew Gymnure,Erinaceidae
Podogymnura aureospinula,Dinagat Gymnure,Erinaceidae
Podogymnura truei,Mount Apo Gymnure,Erinaceidae
Nesophontes edithae,Puerto Rican Nesophontes,Nesophontidae
Nesophontes hemicingulus,Cayman Nesophontes,Nesophontidae
Nesophontes hypomicrus,Atalaye Nesophontes,Nesophontidae
Nesophontes major,Greater Cuban Nesophontes,Nesophontidae
Nesophontes micrus,Lesser Cuban Nesophontes,Nesophontidae
Nesophontes paramicrus,Saint Michel Nesophontes,Nesophontidae
Nesophontes zamicrus,Haitian Nesophontes,Nesophontidae
Atopogale cubana,Cuban Solenodon,Solenodontidae
Atopogale arredondoi,Giant Solenodon,Solenodontidae
Solenodon marcanoi,Marcano's Solenodon,Solenodontidae
Solenodon paradoxus,Hispaniolan Solenodon,Solenodontidae
Crocidura abscondita,Javan Long-tailed White-toothed Shrew,Soricidae
Crocidura afeworkbekelei,Bekele's White-toothed Shrew,Soricidae
Crocidura aleksandrisi,Cyrenaica White-toothed Shrew,Soricidae
Crocidura allex,East African Highland White-toothed Shrew,Soricidae
Crocidura andamanensis,Andaman White-toothed Shrew,Soricidae
Crocidura anhuiensis,Anhui White-toothed Shrew,Soricidae
Crocidura annamitensis,Annamite White-toothed Shrew,Soricidae
Crocidura ansellorum,Ansells' White-toothed Shrew,Soricidae
Crocidura arabica,Arabian White-toothed Shrew,Soricidae
Crocidura arispa,Jackass White-toothed Shrew,Soricidae
Crocidura armenica,Armenian White-toothed Shrew,Soricidae
Crocidura attenuata,Asian Gray White-toothed Shrew,Soricidae
Crocidura attila,Hun White-toothed Shrew,Soricidae
Crocidura baileyi,Bailey's White-toothed Shrew,Soricidae
Crocidura baluensis,Kinabalu White-toothed Shrew,Soricidae
Crocidura batakorum,Batak White-toothed Shrew,Soricidae
Crocidura beata,Mindanao White-toothed Shrew,Soricidae
Crocidura beccarii,Beccari's White-toothed Shrew,Soricidae
Crocidura bottegi,Bottego's White-toothed Shrew,Soricidae
Crocidura bottegoides,Bale White-toothed Shrew,Soricidae
Crocidura brunnea,Thick-tailed White-toothed Shrew,Soricidae
Crocidura buettikoferi,Büttikofer's White-toothed Shrew,Soricidae
Crocidura caliginea,African Dusky White-toothed Shrew,Soricidae
Crocidura canariensis,Canarian White-toothed Shrew,Soricidae
Crocidura caspica,Caspian White-toothed Shrew,Soricidae
Crocidura caudipilosa,Hairy-tailed White-toothed Shrew,Soricidae
Crocidura cinderella,Cinderella White-toothed Shrew,Soricidae
Crocidura congobelgica,Congo White-toothed Shrew,Soricidae
Crocidura cranbrooki,Cranbrook's White-toothed Shrew,Soricidae
Crocidura crenata,Long-footed White-toothed Shrew,Soricidae
Crocidura crossei,Crosse's White-toothed Shrew,Soricidae
Crocidura cyanea,Reddish-gray White-toothed Shrew,Soricidae
Crocidura denti,Dent's White-toothed Shrew,Soricidae
Crocidura desperata,Desperate White-toothed Shrew,Soricidae
Crocidura dhofarensis,Dhofar White-toothed Shrew,Soricidae
Crocidura dolichura,Long-tailed White-toothed Shrew,Soricidae
Crocidura huangshanensis,Huangshan White-toothed Shrew,Soricidae
Crocidura douceti,Doucet's White-toothed Shrew,Soricidae
Crocidura dracula,Large White-toothed Shrew,Soricidae
Crocidura dsinezumi,Dsinezumi White-toothed Shrew,Soricidae
Crocidura eburnea,Ivory Coast White-toothed Shrew,Soricidae
Crocidura eisentrauti,Eisentraut's White-toothed Shrew,Soricidae
Crocidura elgonius,Elgon White-toothed Shrew,Soricidae
Crocidura elongata,Northern Elongated White-toothed Shrew,Soricidae
Crocidura erica,Heather White-toothed Shrew,Soricidae
Crocidura fingui,Fingui White-toothed Shrew,Soricidae
Crocidura fischeri,Fischer's White-toothed Shrew,Soricidae
Crocidura flavescens,Greater Red White-toothed Shrew,Soricidae
Crocidura floweri,Flower's White-toothed Shrew,Soricidae
Crocidura foetida,Bornean White-toothed Shrew,Soricidae
Crocidura foxi,Fox's White-toothed Shrew,Soricidae
Crocidura fuliginosa,Southeast Asian White-toothed Shrew,Soricidae
Crocidura fulvastra,Savanna White-toothed Shrew,Soricidae
Crocidura fumosa,Smoky White-toothed Shrew,Soricidae
Crocidura fuscomurina,Bicolored African White-toothed Shrew,Soricidae
Crocidura gathornei,Gathorne's White-toothed Shrew,Soricidae
Crocidura glassi,Glass's White-toothed Shrew,Soricidae
Crocidura goliath,Goliath White-toothed Shrew,Soricidae
Crocidura gracilipes,Peters's White-toothed Shrew,Soricidae
Crocidura grandiceps,Large-headed White-toothed Shrew,Soricidae
Crocidura grandis,Mount Malindang White-toothed Shrew,Soricidae
Crocidura grassei,Grasse's White-toothed Shrew,Soricidae
Crocidura grayi,Luzon White-toothed Shrew,Soricidae
Crocidura greenwoodi,Greenwood's White-toothed Shrew,Soricidae
Crocidura gueldenstaedtii,Güldenstädt's White-toothed Shrew,Soricidae
Crocidura guy,Vietnamese White-toothed Shrew,Soricidae
Crocidura harenna,Harenna White-toothed Shrew,Soricidae
Crocidura hikmiya,Sinharaja White-toothed Shrew,Soricidae
Crocidura hildegardeae,Hildegarde's White-toothed Shrew,Soricidae
Crocidura hilliana,Hill's White-toothed Shrew,Soricidae
Crocidura hirta,Lesser Red White-toothed Shrew,Soricidae
Crocidura hispida,Andaman Spiny White-toothed Shrew,Soricidae
Crocidura horsfieldii,Horsfield's White-toothed Shrew,Soricidae
Crocidura hutanis,Hutan White-toothed Shrew,Soricidae
Crocidura indochinensis,Indochinese White-toothed Shrew,Soricidae
Crocidura jacksoni,Jackson's White-toothed Shrew,Soricidae
Crocidura jenkinsi,Jenkins's White-toothed Shrew,Soricidae
Crocidura jouvenetae,Jouvenet's White-toothed Shrew,Soricidae
Crocidura katinka,Katinka's White-toothed Shrew,Soricidae
Crocidura kegoensis,Ke Go White-toothed Shrew,Soricidae
Crocidura lamottei,Lamotte's White-toothed Shrew,Soricidae
Crocidura lanosa,Kivu Long-haired White-toothed Shrew,Soricidae
Crocidura lasiura,Ussuri White-toothed Shrew,Soricidae
Crocidura latona,Latona's White-toothed Shrew,Soricidae
Crocidura lea,Lesser Black-footed White-toothed Shrew,Soricidae
Crocidura lepidura,Sumatran Giant White-toothed Shrew,Soricidae
Crocidura leucodon,Bicolored White-toothed Shrew,Soricidae
Crocidura levicula,Sulawesi Tiny White-toothed Shrew,Soricidae
Crocidura littoralis,Naked-tailed White-toothed Shrew,Soricidae
Crocidura longipes,Savanna White-toothed Swamp Shrew,Soricidae
Crocidura lucina,Lucina's White-toothed Shrew,Soricidae
Crocidura ludia,Dramatic White-toothed Shrew,Soricidae
Crocidura luna,Moonshine White-toothed Shrew,Soricidae
Crocidura lusitania,Mauritanian White-toothed Shrew,Soricidae
Crocidura lwiroensis,Misotshi-Kabogo White-toothed Shrew,Soricidae
Crocidura macarthuri,MacArthur's White-toothed Shrew,Soricidae
Crocidura macmillani,Macmillan's White-toothed Shrew,Soricidae
Crocidura macowi,Nyiro White-toothed Shrew,Soricidae
Crocidura malayana,Malayan White-toothed Shrew,Soricidae
Crocidura manengubae,Manenguba White-toothed Shrew,Soricidae
Crocidura maquassiensis,Makwassie White-toothed Shrew,Soricidae
Crocidura mariquensis,Swamp White-toothed Shrew,Soricidae
Crocidura maurisca,Gracile White-toothed Shrew,Soricidae
Crocidura maxi,Javan White-toothed Shrew,Soricidae
Crocidura mdumai,Mduma's White-toothed Shrew,Soricidae
Crocidura mindorus,Mindoro White-toothed Shrew,Soricidae
Crocidura miya,Sri Lankan White-toothed Shrew,Soricidae
Crocidura monax,Kilimanjaro White-toothed Shrew,Soricidae
Crocidura monticola,Sunda White-toothed Shrew,Soricidae
Crocidura montis,Montane White-toothed Shrew,Soricidae
Crocidura munissii,Munissi's White-toothed Shrew,Soricidae
Crocidura muricauda,West African White-toothed Shrew,Soricidae
Crocidura musseri,Mossy Forest White-toothed Shrew,Soricidae
Crocidura mutesae,Ugandan White-toothed Shrew,Soricidae
Crocidura nana,Somali Dwarf White-toothed Shrew,Soricidae
Crocidura nanilla,Savanna Dwarf White-toothed Shrew,Soricidae
Crocidura neglecta,Neglected White-toothed Shrew,Soricidae
Crocidura negrina,Negros White-toothed Shrew,Soricidae
Crocidura newmarki,Newmark's White-toothed Shrew,Soricidae
Crocidura nicobarica,Nicobar White-toothed Shrew,Soricidae
Crocidura nigeriae,Nigerian White-toothed Shrew,Soricidae
Crocidura nigricans,Blackish White-toothed Shrew,Soricidae
Crocidura nigripes,Black-footed White-toothed Shrew,Soricidae
Crocidura nigrofusca,African Black White-toothed Shrew,Soricidae
Crocidura nimbae,Nimba White-toothed Shrew,Soricidae
Crocidura nimbasilvanus,Nimba Giant White-toothed Shrew,Soricidae
Crocidura ninoyi,Sibuyan White-toothed Shrew,Soricidae
Crocidura niobe,Niobe's White-toothed Shrew,Soricidae
Crocidura obscurior,West African Pygmy White-toothed Shrew,Soricidae
Crocidura olivieri,African Giant White-toothed Shrew,Soricidae
Crocidura orientalis,Oriental White-toothed Shrew,Soricidae
Crocidura orii,Greater Ryukyu White-toothed Shrew,Soricidae
Crocidura pachyura,North African White-toothed Shrew,Soricidae
Crocidura palawanensis,Palawan White-toothed Shrew,Soricidae
Crocidura panayensis,Panay White-toothed Shrew,Soricidae
Crocidura paradoxura,Sumatran Long-tailed White-toothed Shrew,Soricidae
Crocidura parvipes,Small-footed White-toothed Shrew,Soricidae
Crocidura pasha,Sahelian Tiny White-toothed Shrew,Soricidae
Crocidura pergrisea,Pale Gray White-toothed Shrew,Soricidae
Crocidura phaeura,Guramba White-toothed Shrew,Soricidae
Crocidura phanluongi,Phan Luong White-toothed Shrew,Soricidae
Crocidura phuquocensis,Phu Quoc White-toothed Shrew,Soricidae
Crocidura picea,Cameroon White-toothed Shrew,Soricidae
Crocidura pitmani,Pitman's White-toothed Shrew,Soricidae
Crocidura planiceps,Flat-headed White-toothed Shrew,Soricidae
Crocidura poensis,Fraser's White-toothed Shrew,Soricidae
Crocidura polia,Polia's White-toothed Shrew,Soricidae
Crocidura pullata,Kashmir White-toothed Shrew,Soricidae
Crocidura raineyi,Rainey's White-toothed Shrew,Soricidae
Crocidura ramona,Negev White-toothed Shrew,Soricidae
Crocidura rapax,Chinese White-toothed Shrew,Soricidae
Crocidura religiosa,Egyptian Pygmy White-toothed Shrew,Soricidae
Crocidura rhoditis,Temboan White-toothed Shrew,Soricidae
Crocidura roosevelti,Roosevelt's White-toothed Shrew,Soricidae
Crocidura russula,Greater White-toothed Shrew,Soricidae
Crocidura sapaensis,Sa Pa White-toothed Shrew,Soricidae
Crocidura selina,Ugandan Lowland White-toothed Shrew,Soricidae
Crocidura serezkyensis,Serezkaya White-toothed Shrew,Soricidae
Crocidura shantungensis,Shantung White-toothed Shrew,Soricidae
Crocidura sibirica,Siberian White-toothed Shrew,Soricidae
Crocidura sicula,Sicilian White-toothed Shrew,Soricidae
Crocidura silacea,Lesser Gray-brown White-toothed Shrew,Soricidae
Crocidura smithii,Desert White-toothed Shrew,Soricidae
Crocidura sokolovi,Sokolov White-toothed Shrew,Soricidae
Crocidura somalica,Somali White-toothed Shrew,Soricidae
Crocidura stenocephala,Kahuzi White-toothed Swamp Shrew,Soricidae
Crocidura suaveolens,Lesser White-toothed Shrew,Soricidae
Crocidura susiana,Iranian White-toothed Shrew,Soricidae
Crocidura tadae,Kuroda's White-toothed Shrew,Soricidae
Crocidura tanakae,Taiwanese Gray White-toothed Shrew,Soricidae
Crocidura tansaniana,Tanzanian White-toothed Shrew,Soricidae
Crocidura tarella,Tarella White-toothed Shrew,Soricidae
Crocidura tarfayaensis,Saharan White-toothed Shrew,Soricidae
Crocidura telfordi,Telford's White-toothed Shrew,Soricidae
Crocidura tenuis,Timor White-toothed Shrew,Soricidae
Crocidura theresae,Therese's White-toothed Shrew,Soricidae
Crocidura thomensis,Sao Tome White-toothed Shrew,Soricidae
Crocidura trichura,Christmas Island White-toothed Shrew,Soricidae
Crocidura turba,Turbo White-toothed Shrew,Soricidae
Crocidura ultima,Ultimate White-toothed Shrew,Soricidae
Crocidura umbra,Javan Ghost White-toothed Shrew,Soricidae
Crocidura usambarae,Usambara White-toothed Shrew,Soricidae
Crocidura viaria,Savanna Path White-toothed Shrew,Soricidae
Crocidura virgata,Mamfe White-toothed Shrew,Soricidae
Crocidura voi,Voi White-toothed Shrew,Soricidae
Crocidura vorax,Voracious White-toothed Shrew,Soricidae
Crocidura vosmaeri,Bangka White-toothed Shrew,Soricidae
Crocidura watasei,Lesser Ryukyu White-toothed Shrew,Soricidae
Crocidura whitakeri,Whitaker's White-toothed Shrew,Soricidae
Crocidura wimmeri,Wimmer's White-toothed Shrew,Soricidae
Crocidura wuchihensis,Hainan White-toothed Shrew,Soricidae
Crocidura xantippe,Xanthippe's White-toothed Shrew,Soricidae
Crocidura yaldeni,Yalden's White-toothed Shrew,Soricidae
Crocidura yankariensis,Yankari White-toothed Shrew,Soricidae
Crocidura zaphiri,Zaphiro's White-toothed Shrew,Soricidae
Crocidura zarudnyi,Zarudny's White-toothed Shrew,Soricidae
Crocidura zimmeri,Upemba White-toothed Shrew,Soricidae
Crocidura zimmermanni,Cretan White-toothed Shrew,Soricidae
Diplomesodon pulchellus,Piebald Shrew,Soricidae
Feroculus feroculus,Kelaart's Long-clawed Shrew,Soricidae
Palawanosorex muscorum,Palawan Moss Shrew,Soricidae
Paracrocidura graueri,Grauer's Large-headed Shrew,Soricidae
Paracrocidura maxima,Greater Large-headed Shrew,Soricidae
Paracrocidura schoutedeni,Lesser Large-headed Shrew,Soricidae
Ruwenzorisorex suncoides,Rwenzori Shrew,Soricidae
Scutisorex somereni,Armored Hero Shrew,Soricidae
Scutisorex thori,Thor's Hero Shrew,Soricidae
Solisorex pearsoni,Pearson's Long-clawed Shrew,Soricidae
Suncus aequatorius,Taita Shrew,Soricidae
Palawanosorex ater,Black Shrew,Soricidae
Suncus dayi,Day's Shrew,Soricidae
Suncus etruscus,Etruscan Shrew,Soricidae
Suncus fellowesgordoni,Sri Lankan Shrew,Soricidae
Suncus hosei,Bornean Pygmy Shrew,Soricidae
Suncus hututsi,Hutu-Tutsi Dwarf Shrew,Soricidae
Suncus infinitesimus,Least Dwarf Shrew,Soricidae
Suncus lixa,Greater Dwarf Shrew,Soricidae
Suncus malayanus,Malayan Pygmy Shrew,Soricidae
Suncus megalurus,Climbing Shrew,Soricidae
Suncus mertensi,Flores Shrew,Soricidae
Suncus montanus,Sri Lankan Highland Shrew,Soricidae
Suncus murinus,Asian House Shrew,Soricidae
Suncus niger,Nilgiri Highland Shrew,Soricidae
Suncus remyi,Remy's Pygmy Shrew,Soricidae
Suncus stoliczkanus,Anderson's Shrew,Soricidae
Suncus varilla,Lesser Dwarf Shrew,Soricidae
Suncus zeylanicus,Jungle Shrew,Soricidae
Sylvisorex akaibei,Akaibe's Forest Shrew,Soricidae
Sylvisorex camerunensis,Cameroonian Forest Shrew,Soricidae
Sylvisorex corbeti,Corbet's Forest Shrew,Soricidae
Sylvisorex granti,Grant's Forest Shrew,Soricidae
Sylvisorex howelli,Howell's Forest Shrew,Soricidae
Sylvisorex isabellae,Bioko Forest Shrew,Soricidae
Sylvisorex johnstoni,Johnston's Forest Shrew,Soricidae
Sylvisorex konganensis,Kongana Forest Shrew,Soricidae
Sylvisorex lunaris,Moon Forest Shrew,Soricidae
Sylvisorex morio,Mount Cameroon Forest Shrew,Soricidae
Sylvisorex ollula,Greater Forest Shrew,Soricidae
Sylvisorex oriundus,Lesser Forest Shrew,Soricidae
Sylvisorex pluvialis,Rainforest Shrew,Soricidae
Sylvisorex silvanorum,Bamenda Forest Shrew,Soricidae
Sylvisorex vulcanorum,Volcano Forest Shrew,Soricidae
Congosorex phillipsorum,Phillips' Congo Shrew,Soricidae
Congosorex polli,Greater Congo Shrew,Soricidae
Congosorex verheyeni,Lesser Congo Shrew,Soricidae
Myosorex babaulti,Babault's Mouse Shrew,Soricidae
Myosorex blarina,Montane Mouse Shrew,Soricidae
Myosorex bururiensis,Bururi Mouse Shrew,Soricidae
Myosorex cafer,Dark-footed Mouse Shrew,Soricidae
Myosorex eisentrauti,Eisentraut's Mouse Shrew,Soricidae
Myosorex geata,Geata Mouse Shrew,Soricidae
Myosorex gnoskei,Nyika Mouse Shrew,Soricidae
Myosorex jejei,Kahuzi Mouse Shrew,Soricidae
Myosorex kabogoensis,Kabogo Mouse Shrew,Soricidae
Myosorex kihaulei,Kihaule's Mouse Shrew,Soricidae
Myosorex longicaudatus,Long-tailed Mouse Shrew,Soricidae
Myosorex meesteri,Meester's Mouse Shrew,Soricidae
Myosorex okuensis,Oku Mouse Shrew,Soricidae
Myosorex rumpii,Rumpi Mouse Shrew,Soricidae
Myosorex schalleri,Schaller's Mouse Shrew,Soricidae
Myosorex sclateri,Sclater's Mouse Shrew,Soricidae
Myosorex tenuis,Thin Mouse Shrew,Soricidae
Myosorex varius,South African Mouse Shrew,Soricidae
Myosorex zinki,Kilimanjaro Mouse Shrew,Soricidae
Surdisorex norae,Aberdare Mole Shrew,Soricidae
Surdisorex polulus,Mount Kenya Mole Shrew,Soricidae
Surdisorex schlitteri,Schlitter's Mole Shrew,Soricidae
Anourosorex assamensis,Assam Mole Shrew,Soricidae
Anourosorex schmidi,Giant Mole Shrew,Soricidae
Anourosorex squamipes,Chinese Mole Shrew,Soricidae
Anourosorex yamashinai,Taiwanese Mole Shrew,Soricidae
Blarinella quadraticauda,Sichuan Short-tailed Shrew,Soricidae
Blarinella wardi,Burmese Short-tailed Shrew,Soricidae
Parablarinella griselda,Chinese Short-tailed Shrew,Soricidae
Blarina brevicauda,Northern Short-tailed Shrew,Soricidae
Blarina carolinensis,Southern Short-tailed Shrew,Soricidae
Blarina hylophaga,Elliot's Short-tailed Shrew,Soricidae
Blarina peninsulae,Everglades Short-tailed Shrew,Soricidae
Blarina shermani,Sherman's Short-tailed Shrew,Soricidae
Cryptotis alticola,Popocatepetl Broad-clawed Shrew,Soricidae
Cryptotis aroensis,Aroa Small-eared Shrew,Soricidae
Cryptotis berlandieri,Berlandier's Least Shrew,Soricidae
Cryptotis brachyonyx,Eastern Cordillera Small-eared Shrew,Soricidae
Cryptotis cavatorculus,Santa Barbara Broad-clawed Shrew,Soricidae
Cryptotis celaque,Celaque Broad-clawed Shrew,Soricidae
Cryptotis colombianus,Colombian Small-eared Shrew,Soricidae
Cryptotis dinirensis,Dinira Small-eared Shrew,Soricidae
Cryptotis eckerlini,Cucurucho Broad-clawed Shrew,Soricidae
Cryptotis endersi,Enders's Small-eared Shrew,Soricidae
Cryptotis equatoris,Ecuadorean Small-eared Shrew,Soricidae
Cryptotis goldmani,Goldman's Broad-clawed Shrew,Soricidae
Cryptotis goodwini,Goodwin's Broad-clawed Shrew,Soricidae
Cryptotis gracilis,Talamancan Broad-clawed Shrew,Soricidae
Cryptotis griseoventris,Dark Mexican Broad-clawed Shrew,Soricidae
Cryptotis hondurensis,Honduran Small-eared Shrew,Soricidae
Cryptotis lacandonensis,Lacandona Small-eared Shrew,Soricidae
Cryptotis lacertosus,Muscular Broad-clawed Shrew,Soricidae
Cryptotis magnimanus,Honduran Broad-clawed Shrew,Soricidae
Cryptotis magnus,Big Mexican Small-eared Shrew,Soricidae
Cryptotis mam,Mam Broad-clawed Shrew,Soricidae
Cryptotis matsoni,Mataquescuintla Broad-clawed Shrew,Soricidae
Cryptotis mayensis,Yucatán Small-eared Shrew,Soricidae
Cryptotis mccarthyi,Omoa Broad-clawed Shrew,Soricidae
Cryptotis medellinius,Medellín Small-eared Shrew,Soricidae
Cryptotis meridensis,Merida Small-eared Shrew,Soricidae
Cryptotis merriami,Merriam's Small-eared Shrew,Soricidae
Cryptotis merus,Darién Small-eared Shrew,Soricidae
Cryptotis mexicanus,Small Mexican Small-eared Shrew,Soricidae
Cryptotis montecristo,Montecristo Broad-clawed Shrew,Soricidae
Cryptotis monteverdensis,Monteverde Small-eared Shrew,Soricidae
Cryptotis montivagus,Wandering Small-eared Shrew,Soricidae
Cryptotis nelsoni,Nelson's Small-eared Shrew,Soricidae
Cryptotis niausa,Blind Small-eared Shrew,Soricidae
Cryptotis nigrescens,Blackish Small-eared Shrew,Soricidae
Cryptotis oreoryctes,Highland Broad-clawed Shrew,Soricidae
Cryptotis orophilus,Central American Least Shrew,Soricidae
Cryptotis osgoodi,Osgood's Small-eared Shrew,Soricidae
Cryptotis parvus,North American Least Shrew,Soricidae
Cryptotis peregrinus,Oaxacan Broad-clawed Shrew,Soricidae
Cryptotis perijensis,Perija Small-eared Shrew,Soricidae
Cryptotis peruviensis,Peruvian Small-eared Shrew,Soricidae
Cryptotis phillipsii,Phillips's Small-eared Shrew,Soricidae
Cryptotis pueblensis,Puebla Least Shrew,Soricidae
Cryptotis soricinus,Mexican Least Shrew,Soricidae
Cryptotis squamipes,Western Colombian Small-eared Shrew,Soricidae
Cryptotis tamensis,Tama Small-eared Shrew,Soricidae
Cryptotis thomasi,Thomas's Small-eared Shrew,Soricidae
Cryptotis tropicalis,Tropical Least Shrew,Soricidae
Cryptotis venezuelensis,Venezuelan Small-eared Shrew,Soricidae
Chimarrogale himalayica,Himalayan Water Shrew,Soricidae
Chimarrogale leander,Leander's Water Shrew,Soricidae
Chimarrogale platycephala,Japanese Water Shrew,Soricidae
Chimarrogale styani,Chinese Water Shrew,Soricidae
Chodsigoa caovansunga,Van Sung's Brown-toothed Shrew,Soricidae
Chodsigoa furva,Dusky Brown-toothed Shrew,Soricidae
Chodsigoa hoffmanni,Hoffmann's Brown-toothed Shrew,Soricidae
Chodsigoa hypsibia,De Winton's Brown-toothed Shrew,Soricidae
Chodsigoa parca,Lowe's Brown-toothed Shrew,Soricidae
Chodsigoa parva,Pygmy Brown-toothed Shrew,Soricidae
Chodsigoa salenskii,Salenski's Brown-toothed Shrew,Soricidae
Chodsigoa smithii,Smith's Brown-toothed Shrew,Soricidae
Chodsigoa sodalis,Lesser Taiwanese Brown-toothed Shrew,Soricidae
Chimarrogale hantu,Malayan Water Shrew,Soricidae
Chimarrogale phaeura,Bornean Water Shrew,Soricidae
Chimarrogale sumatrana,Sumatran Water Shrew,Soricidae
Episoriculus baileyi,Bailey's Brown-toothed Shrew,Soricidae
Episoriculus caudatus,Hodgson's Brown-toothed Shrew,Soricidae
Episoriculus leucops,Long-tailed Brown-toothed Shrew,Soricidae
Episoriculus macrurus,Arboreal Brown-toothed Shrew,Soricidae
Episoriculus sacratus,Sichuan Brown-toothed Shrew,Soricidae
Episoriculus soluensis,Nepalese Brown-toothed Shrew,Soricidae
Nectogale elegans,Elegant Water Shrew,Soricidae
Neomys anomalus,Iberian Water Shrew,Soricidae
Neomys fodiens,Eurasian Water Shrew,Soricidae
Neomys milleri,Mediterranean Water Shrew,Soricidae
Neomys teres,Transcaucasian Water Shrew,Soricidae
Pseudosoriculus fumidus,Taiwanese Brown-toothed Shrew,Soricidae
Soriculus nigrescens,Himalayan Large-clawed Shrew,Soricidae
Megasorex gigas,Mexican Shrew,Soricidae
Notiosorex cockrumi,Cockrum's Gray Shrew,Soricidae
Notiosorex crawfordi,Desert Gray Shrew,Soricidae
Notiosorex evotis,Large-eared Gray Shrew,Soricidae
Notiosorex tataticuli,Ticul's Gray Shrew,Soricidae
Notiosorex villai,Villa's Gray Shrew,Soricidae
Sorex albibarbis,Eastern Water Shrew,Soricidae
Sorex alpinus,Alpine Shrew,Soricidae
Sorex altoensis,Alto Shrew,Soricidae
Sorex antinorii,Valais Shrew,Soricidae
Sorex araneus,Common Shrew,Soricidae
Sorex arcticus,Arctic Shrew,Soricidae
Sorex arizonae,Arizona Shrew,Soricidae
Sorex asper,Tian Shan Shrew,Soricidae
Sorex bedfordiae,Lesser Striped Shrew,Soricidae
Sorex bendirii,Marsh Shrew,Soricidae
Sorex buchariensis,Buchara Shrew,Soricidae
Sorex caecutiens,Laxmann's Shrew,Soricidae
Sorex camtschaticus,Kamchatka Shrew,Soricidae
Sorex cansulus,Gansu Shrew,Soricidae
Sorex chiapensis,Chiapan Shrew,Soricidae
Sorex cinereus,Masked Shrew,Soricidae
Sorex coronatus,Crowned Shrew,Soricidae
Sorex cruzi,Cruz's Long-tailed Shrew,Soricidae
Sorex cylindricauda,Greater Striped Shrew,Soricidae
Sorex daphaenodon,Siberian Large-toothed Shrew,Soricidae
Sorex dispar,Rock Shrew,Soricidae
Sorex emarginatus,Zacatecas Shrew,Soricidae
Sorex excelsus,Chinese Highland Shrew,Soricidae
Sorex eximius,Western Pygmy Shrew,Soricidae
Sorex fumeus,Smoky Shrew,Soricidae
Sorex gracillimus,Slender Shrew,Soricidae
Sorex granarius,Iberian Shrew,Soricidae
Sorex haydeni,Prairie Shrew,Soricidae
Sorex hosonoi,Azumi Shrew,Soricidae
Sorex hoyi,Eastern Pygmy Shrew,Soricidae
Sorex ibarrai,Ibarra's Shrew,Soricidae
Sorex isodon,Taiga Shrew,Soricidae
Sorex ixtlanensis,Ixtlán Shrew,Soricidae
Sorex jacksoni,Saint Lawrence Island Shrew,Soricidae
Sorex kozlovi,Kozlov's Shrew,Soricidae
Sorex leucogaster,Paramushir Shrew,Soricidae
Sorex longirostris,Southeastern Shrew,Soricidae
Sorex lyelli,Mount Lyell Shrew,Soricidae
Sorex macrodon,Mexican Large-toothed Shrew,Soricidae
Sorex madrensis,Sierra Shrew,Soricidae
Sorex maritimensis,Maritime Shrew,Soricidae
Sorex mccarthyi,McCarthy's Shrew,Soricidae
Sorex mediopua,Jalisco Shrew,Soricidae
Sorex merriami,Merriam's Shrew,Soricidae
Sorex milleri,Carmen Mountain Shrew,Soricidae
Sorex minutissimus,Eurasian Least Shrew,Soricidae
Sorex minutus,Eurasian Pygmy Shrew,Soricidae
Sorex mirabilis,Ussuri Shrew,Soricidae
Sorex monticolus,Southern Montane Shrew,Soricidae
Sorex mutabilis,Mutable Shrew,Soricidae
Sorex nanus,Dwarf Shrew,Soricidae
Sorex navigator,Western Water Shrew,Soricidae
Sorex obscurus,Northern Montane Shrew,Soricidae
Sorex oreopolus,Mexican Long-tailed Shrew,Soricidae
Sorex orizabae,Orizaba Long-tailed Shrew,Soricidae
Sorex ornatus,Ornate Shrew,Soricidae
Sorex pacificus,Pacific Shrew,Soricidae
Sorex palustris,American Water Shrew,Soricidae
Sorex planiceps,Kashmir Shrew,Soricidae
Sorex portenkoi,Portenko's Shrew,Soricidae
Sorex preblei,Preble's Shrew,Soricidae
Sorex pribilofensis,Pribilof Island Shrew,Soricidae
Sorex raddei,Radde's Shrew,Soricidae
Sorex roboratus,Flat-skulled Shrew,Soricidae
Sorex rohweri,Olympic Shrew,Soricidae
Sorex salvini,Salvin's Shrew,Soricidae
Sorex samniticus,Apennine Shrew,Soricidae
Sorex satunini,Caucasian Shrew,Soricidae
Sorex saussurei,Saussure's Shrew,Soricidae
Sorex sclateri,Sclater's Shrew,Soricidae
Sorex shinto,Shinto Shrew,Soricidae
Sorex sinalis,Chinese Shrew,Soricidae
Sorex sonomae,Fog Shrew,Soricidae
Sorex stizodon,Pale-toothed Shrew,Soricidae
Sorex tenellus,Inyo Shrew,Soricidae
Sorex thibetanus,Tibetan Shrew,Soricidae
Sorex trowbridgii,Trowbridge's Shrew,Soricidae
Sorex tundrensis,Tundra Shrew,Soricidae
Sorex ugyunak,Barren Ground Shrew,Soricidae
Sorex unguiculatus,Long-clawed Shrew,Soricidae
Sorex vagrans,Vagrant Shrew,Soricidae
Sorex ventralis,Chestnut-bellied Shrew,Soricidae
Sorex veraecrucis,Veracruz Shrew,Soricidae
Sorex veraepacis,Verapaz Shrew,Soricidae
Sorex volnuchini,Caucasian Pygmy Shrew,Soricidae
Condylura cristata,Star-nosed Mole,Talpidae
Parascalops breweri,Hairy-tailed Mole,Talpidae
Scalopus aquaticus,Eastern Mole,Talpidae
Scapanulus oweni,Gansu Mole,Talpidae
Scapanus anthonyi,Mexican Mole,Talpidae
Scapanus latimanus,Northern Broad-footed Mole,Talpidae
Scapanus orarius,Coast Mole,Talpidae
Scapanus townsendii,Townsend's Mole,Talpidae
Desmana moschata,Russian Desman,Talpidae
Galemys pyrenaicus,Pyrenean Desman,Talpidae
Neurotrichus gibbsii,American Shrew Mole,Talpidae
Scaptonyx fusicauda,Northern Long-tailed Mole,Talpidae
Euroscaptor grandis,Greater Chinese Mole,Talpidae
Euroscaptor klossi,Kloss's Mole,Talpidae
Euroscaptor kuznetsovi,Kuznetsov's Mole,Talpidae
Euroscaptor longirostris,Long-nosed Mole,Talpidae
Euroscaptor malayanus,Malaysian Mole,Talpidae
Euroscaptor micrurus,Himalayan Mole,Talpidae
Euroscaptor ngoclinhensis,Ngoc Linh Mole,Talpidae
Euroscaptor orlovi,Orlov's Mole,Talpidae
Euroscaptor parvidens,Small-toothed Mole,Talpidae
Euroscaptor subanura,Vietnamese Mole,Talpidae
Mogera etigo,Echigo Mole,Talpidae
Mogera imaizumii,Small Japanese Mole,Talpidae
Mogera insularis,Formosan Mole,Talpidae
Mogera kanoana,Kano's Mole,Talpidae
Mogera latouchei,La Touche's Mole,Talpidae
Mogera robusta,Ussuri Mole,Talpidae
Mogera tokudae,Sado Mole,Talpidae
Mogera uchidai,Senkaku Mole,Talpidae
Mogera wogura,Large Japanese Mole,Talpidae
Oreoscaptor mizura,Japanese Mountain Mole,Talpidae
Parascaptor leucura,White-tailed Mole,Talpidae
Scaptochirus moschatus,Short-faced Mole,Talpidae
Talpa altaica,Altai Mole,Talpidae
Talpa aquitania,Aquitanian Mole,Talpidae
Talpa caeca,Blind Mole,Talpidae
Talpa caucasica,Caucasian Mole,Talpidae
Talpa davidiana,Pere David's Mole,Talpidae
Talpa europaea,European Mole,Talpidae
Talpa levantis,Levant Mole,Talpidae
Talpa martinorum,Martinos' Mole,Talpidae
Talpa occidentalis,Iberian Mole,Talpidae
Talpa ognevi,Ognev's Mole,Talpidae
Talpa romana,Roman Mole,Talpidae
Talpa stankovici,Balkan Mole,Talpidae
Talpa talyschensis,Talysch Mole,Talpidae
Dymecodon pilirostris,True's Shrew Mole,Talpidae
Urotrichus talpoides,Japanese Shrew Mole,Talpidae
Uropsilus aequodonenia,Equivalent-teeth Shrew Mole,Talpidae
Uropsilus andersoni,Anderson's Shrew Mole,Talpidae
Uropsilus atronates,Black-backed Shrew Mole,Talpidae
Uropsilus gracilis,Gracile Shrew Mole,Talpidae
Uropsilus investigator,Inquisitive Shrew Mole,Talpidae
Uropsilus nivatus,Snow Mountain Shrew Mole,Talpidae
Uropsilus soricipes,Chinese Shrew Mole,Talpidae
Crocidura makeda,Makeda White-toothed Shrew,Soricidae
Crocidura similiturba,Medabo White-toothed Shrew,Soricidae
Alpiscaptulus medogensis,Medog Mole,Talpidae
Chimarrogale varennei,Vietnamese Water Shrew,Soricidae
Uropsilus dabieshanensis,Dabie Mountains Shrew Mole,Talpidae
Crocidura narcondamica,Narcondam White-toothed Shrew,Soricidae
Scapanus occultus,Southern Broad-footed Mole,Talpidae
Crocidura microelongata,Small Elongated White-toothed Shrew,Soricidae
Crocidura quasielongata,Southern Elongated White-toothed Shrew,Soricidae
Crocidura pseudorhoditis,North Peninsula White-toothed Shrew,Soricidae
Crocidura australis,Southwest Peninsula White-toothed Shrew,Soricidae
Crocidura pallida,Pallid-footed White-toothed Shrew,Soricidae
Crocidura baletei,Balete's White-toothed Shrew,Soricidae
Crocidura tenebrosa,Dark White-toothed Shrew,Soricidae
Crocidura mediocris,Central Sulawesi White-toothed Shrew,Soricidae
Crocidura parva,Tiny Sulawesi White-toothed Shrew,Soricidae
Crocidura brevicauda,Short-tailed White-toothed Shrew,Soricidae
Crocidura caudicrassa,Thick-tailed Sulawesi White-toothed Shrew,Soricidae
Crocidura normalis,Typical Sulawesi White-toothed Shrew,Soricidae
Crocidura ordinaria,West Sulawesi White-toothed Shrew,Soricidae
Crocidura solita,West-central Sulawesi White-toothed Shrew,Soricidae
Chodsigoa dabieshanensis,Dabieshan Brown-toothed Shrew,Soricidae
Mogera hainana,Hainan Mole,Talpidae
Nectogale sikhimensis,Sikkim Water Shrew,Soricidae
Sorex gomphus,Yunnan Striped Shrew,Soricidae
Sorex nepalensis,Nepalese Striped Shrew,Soricidae
Sorex wardi,Ward's Striped Shrew,Soricidae
Podogymnura intermedia,Eastern Mindanao Gymnure,Erinaceidae
Podogymnura minima,Kitanglad Gymnure,Erinaceidae
Cryptotis woodmani,El Triunfo Small-eared Shrew,Soricidae
Mesechinus orientalis,Eastern Forest Hedgehog,Erinaceidae
Hylomys dorsalis,Bornean Short-tailed Gymnure,Erinaceidae
Hylomys macarong,Dalat Gymnure,Erinaceidae
Hylomys maxi,Max's Short-tailed Gymnure,Erinaceidae
Hylomys peguensis,Northern Short-tailed Gymnure,Erinaceidae
Hylomys vorax,Leuser Gymnure,Erinaceidae
Crocidura bloyeti,Bloyet's White-toothed Shrew,Soricidae
Parablarinella latimaxillata,Anhui Short-tailed Shrew,Soricidae
Cryptotis andinus,Southern Colombian Small-eared Shrew,Soricidae
Cryptotis huttereri,Rainer's Small-eared Shrew,Soricidae
Soriculus medogensis,Medog Large-clawed Shrew,Soricidae
Soriculus minor,Lesser Large-clawed Shrew,Soricidae
Soriculus nivatus,Snow Mountain Large-clawed Shrew,Soricidae
Talpa hakkariensis,Hakkari Mole,Talpidae
Talpa streeti,Street's Mole,Talpidae
Talpa transcaucasica,Transcaucasian Mole,Talpidae
Uropsilus fansipanensis,Fansipan Shrew Mole,Talpidae
Uropsilus huanggangensis,Huangang Shrew Mole,Talpidae
Nesophontes longirostris,Slender Cuban Nesophontes,Nesophontidae
Crocidura aequicauda,Mount Korinchi White-toothed Shrew,Soricidae
Crocidura balingka,Balingka White-toothed Shrew,Soricidae
Crocidura barapi,Barapi White-toothed Shrew,Soricidae
Crocidura dewi,Dewi White-toothed Shrew,Soricidae
Soriculus beibengensis,Beibeng Large-clawed Shrew,Soricidae
Neohylomys vietnamensis,Vietnam Gymnure,Erinaceidae
Notiosorex carrawayae,Carraway's Gray Shrew,Soricidae
Crocidura binco,short-tailed Salonga White-toothed Shrew,Soricidae
Crocidura salonga,Long-tailed Salonga White-toothed Shrew,Soricidae
Crocidura medogensis,Medog White-toothed Shrew,Soricidae
Crocidura zhadaensis,Zanda White-toothed Shrew,Soricidae
Crocidura iculisma,Iberian White-toothed Shrew,Soricidae
Crocidura cypria,Cyprus White-toothed Shrew,Soricidae
Crocidura fimbriata,South European White-toothed Shrew,Soricidae
Crocidura darvishi,Darvish's White-toothed Shrew,Soricidae
Crocidura persica,Persian White-toothed Shrew,Soricidae
Scaptonyx affinis,Southern Long-tailed Mole,Talpidae
Scaptonyx wangi,Wang's Long-tailed Mole,Talpidae
Uropsilus funiushanensis,Funiushan Shrew Mole,Talpidae
Cryptotis albujai,Albuja's Short-tailed Shrew,Soricidae
Cryptotis floridanus,Florida Least Shrew,Soricidae
Nagasorex albidens,Nagaland Shrew,Soricidae
Sorex nivicola,Gansu Striped Shrew,Soricidae
Crocidura stanleyi,Stanley's White-toothed Shrew,Soricidae
Euroscaptor darwini,Darwin's Mole,Talpidae
Soriculus dexingensis,Dexing Large-clawed Shrew,Soricidae
Diplomesodon sonnerati,Sonnerat's Shrew,Soricidae
Crocidura pediculus,Little-footed White-toothed Shrew,Soricidae
Uropsilus cinereonates,Gray-rumped Shrew Mole,Talpidae
Uropsilus leptocranium,Slender Skull Shrew Mole,Talpidae
Uropsilus maximus,Large Shrew Mole,Talpidae
Uropsilus ningshanensis,Ningshan Shrew Mole,Talpidae
Uropsilus parvoniger,Black Shrew Mole,Talpidae
Uropsilus wulingshanensis,Wuling Mountains Shrew Mole,Talpidae
