study_id,pmid,doi,first_author,publication_year,article_title
S0001,41929004,10.64898/2026.03.20.713216,Heidi K. Goethert,2026,Deer tick virus genotypes are perpetuated by different modes of transmission
S0002,42339070,10.1093/ve/veag032,Anise N. Happi,2026,Genomic epidemiology and evolutionary analysis of Lassa virus from small mammals suggest bidirectional viral movement across humans and animals
S0003,42198785,10.3390/v18050584,Yukun Lin,2026,Infectome Landscape of Rodents and Shrews in Guangdong Province Reveals Diverse Pathogens with Zoonotic Potential in Wildlife
S0004,42116238,10.3201/eid3205.250952,Effrosyni Michelakaki,2026,"Borna Disease Virus 1 as Cause of Fatal Meningoencephalomyelitis in Wild Hedgehogs, Germany, 2022–2025"
S0005,42111335,10.1016/j.onehlt.2026.101412,Gabriele Ratti,2026,Sequencing of Betacoronavirus erinacei from faeces of pet hedgehogs demonstrates a continuity of MERS-CoV like viruses in European and Eurasian hedgehog species
S0006,42064442,10.21315/tlsr2026.37.1.14,Zhen Yun Siew,2026,Surveillance of Zoonotic Pathogens and Taxonomic Identification of Non-volant Small Mammals in Peninsular Malaysia
S0007,42002046,10.1016/j.virusres.2026.199731,Tiernan Briggs,2026,A novel genetically distinct Amdoparvovirus in Sorex araneus in the United Kingdom highlights an unexplored ancestral link
S0008,41800425,10.3389/fmicb.2026.1738936,Haoyue Huangfu,2026,"Unveiling the RNA viral diversity in three organs of the Asian house shrew (Suncus murinus) from Tropical Hainan, China: a previously underappreciated key zoonotic reservoir"
S0009,42488425,10.3389/fcimb.2026.1814090,Ivan Chudinov,2026,Combined NGS and proteomics improves viral diagnostics in wildlife: coronaviruses confirmed in hedgehogs
S0010,41574625,10.1111/1348-0421.70043,Sakiho Imai,2026,"Detection of a Novel Parahenipavirus From Northern Short-Tailed Shrews (Blarina brevicauda [Say, 1823])"
S0011,41702980,10.1038/s41598-026-38406-w,Julia E. Paoli,2026,Detection of Wencheng shrew virus and cardiovirus from small mammals in Myanmar
S0012,41594414,10.3390/ani16020223,Gréta Varga,2026,Surveillance of Shrew-Borne Hantaviruses Expands Viral Host Range in Hungary
S0013,41546033,10.1186/s12985-026-03071-y,Sara Arnaboldi,2026,Absence of hepatitis E virus in hedgehogs in northern Italy in 2022–2024
S0014,41418935,10.1016/j.virs.2025.12.009,Shuangshuang Chen,2026,"Metatranscriptomics profiling reveals rodent- and shrew-borne viral diversity and evolutionary relationships in Guangzhou, China"
S0015,41416836,10.1128/jvi.01440-25,Rebecca K. French,2026,Viral surveillance of invasive mammals in New Zealand reveals unique viral lineages reflecting their introduction history
S0016,41348473,10.1099/mgen.0.001538,Carol Vannesa Nawenja,2025,Genomic characterization of novel orthohepeviruses in shrews and rats from Kenya
S0017,41305520,10.3390/v17111499,Liudmila N. Yashina,2025,"Biya River Virus, a Novel Hantavirus of the Eurasian Water Shrew (Neomys fodiens) in Russia"
S0018,41299624,10.1186/s40168-025-02195-7,Xiao-Ai Zhang,2025,Virome characterization of wild small mammals provides new insight into zoonotic pathogens in West Africa
S0019,41115661,10.1016/j.virs.2025.10.005,Chunzheng Li,2025,Seasonal dynamics of hedgehog-borne ticks and severe fever with thrombocytopenia syndrome virus in Beijing's urban parks
S0020,42049016,10.37432/jieph-confpro5-00006,David Simons,2025,Contact networks of small mammals highlight potential transmission foci of Lassa mammarenavirus
S0021,40380277,10.1186/s40168-025-02115-9,Ji-Hu Yang,2025,Host taxonomy and environment shapes insectivore viromes and viral spillover risks in Southwestern China
S0022,40552021,10.2478/jvetres-2025-0022,Hanna Turlewicz-Podbielska,2025,Serological and molecular screening for zoonotic pathogens among wild hedgehogs (Erinaceus europaeus) from urban areas of Poland
S0023,40573458,10.3390/v17060867,Gyuri Sim,2025,"Discovery of a Novel Parahenipavirus, Parahenipavirus_GH, in Shrews in South Korea, 2022"
S0024,40582414,10.1016/j.virs.2025.06.004,Yiwei Shi,2025,"Virome diversity in small mammals from south China: Insights into virus evolution, transmission, and ecology"
S0025,40584256,10.1093/ve/veaf038,Anishia Wasberg,2025,Hantavirus co-circulation in common shrews (Sorex araneus) in Sweden
S0026,40584258,10.1093/ve/veaf041,Marinda Mortlock,2025,Paramyxo- and coronavirus diversity and host associations in non-volant small mammals: evidence of viral sharing
S0027,40593191,10.1038/s41598-025-06845-6,Kyungmin Park,2025,Discovery and genomic characterization of Ulleung virus harbored by Crocidura utsuryoensis on Ulleung Island in Republic of Korea
S0028,40950050,10.1101/2025.09.03.674079,Min Jin,2025,Aminopeptidase N is a receptor for hedgehog merbecoviruses
S0029,40959801,10.1016/j.onehlt.2025.101049,A. Minichino,2025,Exposure to selected pathogens in wild mammals from a rescue and rehabilitation center in southern Italy
S0030,41041524,10.21203/rs.3.rs-7630852/v1,Anise Happi,2025,Metagenomics reveals cryptic circulation of zoonotic viruses in Nigeria
S0031,38258015,10.3390/microorganisms12010189,Vittorio Sarchese,2024,Molecular Surveillance for Bocaparvoviruses and Bufaviruses in the European Hedgehog (Erinaceus europaeus)
S0032,38389324,10.1016/j.virusres.2023.199255,Manel Essaidi-Laziosi,2024,Distinct phenotype of SARS-CoV-2 Omicron BA.1 in human primary cells but no increased host range in cell lines of putative mammalian reservoir species
S0033,38878993,10.1016/j.ijid.2024.107106,Nadine N’dilimabaka,2024,No evidence of mpox virus circulation in putative animal reservoirs in Gabon wildlife
S0034,38932262,10.3390/v16060969,Yi Tang,2024,"Identification and Genomic Characterization of Two Novel Hepatoviruses in Shrews from Yunnan Province, China"
S0035,39088249,10.1099/mgen.0.001275,Viola C. Haring,2024,"Detection of novel orthoparamyxoviruses, orthonairoviruses and an orthohepevirus in European white-toothed shrews"
S0036,39117662,10.1038/s41522-024-00543-3,Jing-Tao Zhang,2024,Decoding the RNA viromes in shrew lungs along the eastern coast of China
S0037,39256401,10.1038/s41467-024-52192-x,Arnt Ebinger,2024,Lethal Borna disease virus 1 infections of humans and animals – in-depth molecular epidemiology and phylogeography
S0038,39522880,10.1016/j.virs.2024.11.002,Fei Yuan,2024,"The first discovery of severe fever with thrombocytopenia virus in the center of metropolitan Beijing, China"
S0039,39665420,10.1177/03009858241300553,Fabian Z. X. Lean,2025,Colocalization of hedgehog arterivirus 1 (HhAV-1) and histologic lesions in the European hedgehog (Erinaceus europaeus) with neurological disease
S0040,39677782,10.1101/2024.12.02.626520,Augustine Natasha,2024,"Detection and characterization of Langya virus in Crocidura lasiura, Republic of Korea"
S0041,37363265,10.1016/j.onehlt.2023.100529,Dolyce H.W. Low,2023,Cencurut virus: A novel Orthonairovirus from Asian house shrews (Suncus murinus) in Singapore
S0042,37376613,10.3390/v15061313,Se Hun Gu,2023,Multiple Lineages of Hantaviruses Harbored by the Iberian Mole (Talpa occidentalis) in Spain
S0043,37433351,10.1016/j.virusres.2023.199171,Reimar Johne,2023,Genome analysis of the novel putative rotavirus species K
S0044,37634660,10.1016/j.virs.2023.08.004,Xing Zhang,2023,"Natural circulation of tick-borne severe fever with thrombocytopenia syndrome virus in the city ecosystem, China"
S0045,37734372,10.1016/j.cell.2023.08.029,Yan-Mei Chen,2023,Host traits shape virome composition and virus transmission in wild small mammals
S0046,37795019,10.3389/fvets.2023.1213990,Luca De Sabato,2023,"Erinaceus coronavirus persistence in hedgehogs (Erinaceus europaeus) in a non-invasive, in vivo, experimental setting"
S0047,38059490,10.1099/jgv.0.001917,Ternenge Apaa,2023,Lack of detection of SARS-CoV-2 in British wildlife 2020–21 and first description of a stoat (Mustela erminea) Minacovirus
S0048,38137960,10.3390/life13122359,Petra Svoboda Karić,2023,First Molecular Evidence of Seewis Virus in Croatia
S0049,38187621,10.1101/2023.12.24.573235,Jérémy Dubrulle,2023,Effect of habitat degradation on hantavirus infection among introduced and endemic small mammals of Madagascar
S0050,39736935,10.3389/fvets.2024.1486635,A. V. Lukina-Gronskaya,2024,Novel coronaviruses and mammarenaviruses of hedgehogs from Russia including the comparison of viral communities of hibernating and active specimens
S0051,39846190,10.24272/j.issn.2095-8137.2024.298,Fu-Li Li,2025,Identification of novel rodent and shrew orthohepeviruses sheds light on hepatitis E virus evolution
S0052,39849055,10.1038/s41598-025-87108-2,Károly Takáts,2025,Novel relatives of Mecsek Mountains mammarenavirus (family Arenaviridae) in hedgehogs living in different sampling areas in Hungary
S0053,39921690,10.1007/s00705-025-06231-7,Akbar Dastjerdi,2025,"Intraspecific variation of the hedgehog arteriviruses, which may constitute a new genus in the subfamily Heroarterivirinae of the family Arteriviridae"
S0054,39983689,10.3201/eid3102.241155,Rhys H. Parry,2025,"Henipavirus in Northern Short-Tailed Shrew, Alabama, USA"
S0055,40033356,10.1186/s40168-025-02059-0,Nailou Zhang,2025,Virome landscape of wild rodents and shrews in Central China
S0056,40102882,10.1186/s12985-025-02702-0,Yongman Guo,2025,"Virome diversity and potential sharing of wild mammals in a biodiversity hotspot, Yunnan, China"
S0057,40212663,10.1016/j.onehlt.2025.101017,Augustine Natasha,2025,"Detection and characterization of Langya virus in Crocidura lasiura (the Ussuri white-toothed shrew), Republic of Korea"
S0058,40303134,10.1155/2024/4670252,Kevin P. Mulder,2024,"High Prevalence of a Novel Circovirus in the European Hedgehog (Erinaceus europaeus), a Common Species in Decline"
S0059,40375974,10.1093/pnasnexus/pgaf144,Daniel Nobach,2025,Experimental infection of shrews (Crocidura russula) with Borna disease virus 1: Insights into viral spread and shedding
S0060,35632599,10.3390/v14050857,Iori Koizumi,2022,Comprehensive Surveillance of Virus Infection among Captive African Pygmy Hedgehogs in Japan
S0061,35854826,10.1093/ve/veac061,Bert Vanmechelen,2022,The characterization of multiple novel paramyxoviruses highlights the diverse nature of the subfamily Orthoparamyxovirinae
S0062,36169417,10.1128/spectrum.01306-22,Václav Hönig,2022,Orthohantaviruses in Reservoir and Atypical Hosts in the Czech Republic: Spillover Infection and Indication of Virus-Specific Tissue Tropism
S0063,36215163,10.1099/jgv.0.001796,Takehiro Ozeki,2022,"Identification of novel orthonairoviruses from rodents and shrews in Gabon, Central Africa"
S0064,36417938,10.3201/eid2812.220668,Chaoyue Zhao,2022,"Hedgehogs as Amplifying Hosts of Severe Fever with Thrombocytopenia Syndrome Virus, China"
S0065,36626061,10.1007/s11262-022-01965-x,Yotaro Shimazaki,2023,Identification and characterization of the genome of a papillomavirus from skin lesions of four-toed hedgehogs (Atelerix albiventris)
S0066,36677332,10.3390/microorganisms11010041,Tryntsje Cuperus,2023,"Occurrence of Rickettsia spp., Hantaviridae, Bartonella spp. and Leptospira spp. in European Moles (Talpa europaea) from the Netherlands"
S0067,37112861,10.3390/v15040881,Fuka Kikuchi,2023,Phylogeny of Shrew- and Mole-Borne Hantaviruses in Poland and Ukraine
S0068,37242355,10.3390/pathogens12050685,Dorcus C. A. Omoga,2023,"Divergent Hantavirus in Somali Shrews (Crocidura somalica) in the Semi-Arid North Rift, Kenya"
S0069,37291370,10.1007/s00705-023-05804-8,Gábor Reuter,2023,A novel mammarenavirus (family Arenaviridae) in hedgehogs (Erinaceus roumanicus) in Europe
S0070,34177835,10.3389/fmicb.2021.653873,Wenqiao He,2021,"Detection of Virus-Related Sequences Associated With Potential Etiologies of Hepatitis in Liver Tissue Samples From Rats, Mice, Shrews, and Bats"
S0071,34332417,10.1016/j.rvsc.2021.07.016,Rongduo Wen,2021,"African pygmy hedgehog adenovirus: Virus replication, virus-induced cytopathogenesis and activation of mitogen-activated protein kinase signaling pathways in infected MDCK cells"
S0072,34342470,10.4102/ojvr.v88i1.1911,William C. McMahon,2021,"Surveillance of the rabies-related lyssavirus, Mokola in non-volant small mammals in South Africa"
S0073,34372492,10.3390/v13071286,Liudmila N. Yashina,2021,Geographic Distribution and Phylogeny of Soricine Shrew-Borne Seewis Virus and Altai Virus in Russia
S0074,34696450,10.3390/v13102020,Seung-Ho Lee,2021,Discovery and Genetic Characterization of Novel Paramyxoviruses Related to the Genus Henipavirus in Crocidura Species in the Republic of Korea
S0075,34811484,10.1038/s42003-021-02828-1,Heidi K. Goethert,2021,Incrimination of shrews as a reservoir for Powassan virus
S0076,35169491,10.1093/ve/veac004,Alexander Falkenhagen,2022,Genetic and biological characteristics of species A rotaviruses detected in common shrews suggest a distinct evolutionary trajectory
S0077,35215906,10.3390/v14020309,Liudmila N. Yashina,2022,"Academ Virus, a Novel Hantavirus in the Siberian Mole (Talpa altaica) from Russia"
S0078,35298912,10.1016/j.cell.2022.02.014,Wan-Ting He,2022,Virome characterization of game animals in China reveals a spectrum of emerging pathogens
S0079,35336869,10.3390/v14030462,Reimar Johne,2022,Whole Genome Sequence Analysis of a Prototype Strain of the Novel Putative Rotavirus Species L
S0080,32630296,10.3390/v12070715,Huimin Bai,2020,Characterization of a Novel Rat Hepatitis E Virus Isolated from an Asian Musk Shrew (Suncus murinus)
S0081,32634600,10.1016/j.meegid.2020.104454,Jin-Jin Chen,2020,Distribution and characteristics of Beilong virus among wild rodents and shrews in China
S0082,32734101,10.1016/j.vas.2019.100083,H. Ochiai,2020,An African pygmy hedgehog adenovirus 1 (AhAdV-1) outbreak in an African pygmy hedgehog (Atelerix albiventris) colony in Japan
S0083,33014888,10.3389/fcimb.2020.00460,Schuyler W. Liphardt,2020,Reassortment Between Divergent Strains of Camp Ripley Virus (Hantaviridae) in the Northern Short-Tailed Shrew (Blarina brevicauda)
S0084,33168902,10.1038/s41598-020-76419-1,Bert Vanmechelen,2020,"Common occurrence of Belerina virus, a novel paramyxovirus found in Belgian hedgehogs"
S0085,33375950,10.1186/s12985-020-01477-w,Olivia Wesula Lwande,2020,Seewis hantavirus in common shrew (Sorex araneus) in Sweden
S0086,33419245,10.3390/v12121471,Luca De Sabato,2020,Can Coronaviruses Steal Genes from the Host as Evidenced in Western European Hedgehogs by EriCoV Genetic Characterization?
S0087,33553564,10.1016/j.onehlt.2021.100218,Erica S. Neves,2021,Genetic diversity and expanded host range of astroviruses detected in small mammals in Singapore
S0088,33667697,10.1016/j.ijid.2021.02.105,Yuri Ushijima,2021,"Identification of potential novel hosts and the risk of infection with lymphocytic choriomeningitis virus in humans in Gabon, Central Africa"
S0089,33684147,10.1371/journal.pone.0248244,Joa Braïthe Mangombi,2021,"First investigation of pathogenic bacteria, protozoa and viruses in rodents and shrews in context of forest-savannah-urban areas interface in the city of Franceville (Gabon)"
S0090,31373319,10.3390/v11070637,Schuyler W. Liphardt,2019,Complex History of Codiversification and Host Switching of a Newfound Soricid-Borne Orthohantavirus in North America
S0091,31422116,10.1016/j.virusres.2019.197717,Liudmila N. Yashina,2019,Co-circulation of distinct shrew-borne hantaviruses in the far east of Russia
S0092,31540127,10.3390/v11090857,Hae Ji Kang,2019,Highly Divergent Genetic Variants of Soricid-Borne Altai Virus (Hantaviridae) in Eurasia Suggest Ancient Host-Switching Events
S0093,31549303,10.1007/s00705-019-04414-7,Gábor Reuter,2019,Analysis of a novel RNA virus in a wild northern white-breasted hedgehog (Erinaceus roumanicus)
S0094,31742508,10.3201/eid2512.191225,Reimar Johne,2019,"Distantly Related Rotaviruses in Common Shrews, Germany, 2004–2014"
S0095,31866632,10.1292/jvms.19-0424,Hayato Harima,2020,Detection of novel orthoreovirus genomes in shrew (Crocidura hirta) and fruit bat (Rousettus aegyptiacus)
S0096,31917639,10.7589/2019-09-238,Iryna V. Demchyshyna,2020,Cocirculation of Two Orthohantavirus Species in Small Mammals of the Northwestern Ukraine
S0097,32056842,10.1016/j.virol.2020.01.012,Seung-Ho Lee,2020,Genetic diversity and phylogeography of Jeju Orthohantavirus (Hantaviridae) in the Republic of Korea
S0098,32121543,10.3390/ani10030407,Mauro Delogu,2020,Eco-Virological Preliminary Study of Potentially Emerging Pathogens in Hedgehogs (Erinaceus europaeus) Recovered at a Wildlife Treatment and Rehabilitation Center in Northern Italy
S0099,32487013,10.1089/vbz.2019.2542,Cristina Fevola,2020,Geographical Distribution of Ljungan Virus in Small Mammals in Europe
S0100,19870633,10.1084/jem.65.6.767,Max Theiler,1937,The effect of prolonged cultivation in vitro upon the pathogenicity of yellow fever virus
S0101,Not identified,Not reported,O. Kozuch,1966,Survival of tick borne encephalitis virus in the tick Ixodes ricinus and the transmission of this virus to the hedge hog (Erinaceus roumanicus)
S0102,6006817,Not reported,A. Simková,1966,Quantitative study of experimental Tahyna virus infection in hibernating hedgehogs
S0103,14328232,Not reported,O. Kozuch,1965,Experimental infection of the mole with tick-borne encephalitis virus
S0104,4380780,Not reported,O. Kozuch,1966,Transmission of tick-borne encephalitis virus by nymphs of Ixodes ricinus to the European mole (Talpa europaea)
S0105,14173478,Not reported,O. Kozuch,1964,Alimentary infection of the hedgehog with tick-borne encephalitis (TE) virus
S0106,14064835,Not reported,O. Kozuch,1963,Persistence of tick-borne encephalitis virus in hibernating hedgehogs and dormice
S0107,13197893,Not reported,L. Placidi,1954,[Transmission of Newcastle virus to the hedgehog]
S0108,30448834,10.1159/000493796,Nkom Felix Ntumvi,2018,High Herpesvirus Diversity in Wild Rodent and Shrew Species in Central Africa
S0109,30475680,10.1177/1040638718812123,David B. Needle,2019,Fatal bronchopneumonia caused by skunk adenovirus 1 in an African pygmy hedgehog
S0110,30577796,10.1186/s12917-018-1746-z,Wenqiao He,2018,The prevalence and genomic characteristics of hepatitis E virus in murine rodents and house shrews from several regions in China
S0111,30602429,10.17236/sat00191,K. Schönbächler,2019,Frühsommer-Meningoenzephalitis-Virus Nachweis beim Europäischen Igel (Erinaceus europaeus)
S0112,30795524,10.3390/v11020181,Moussa Moïse Diagne,2019,Usutu Virus Isolated from Rodents in Senegal
S0113,30884426,10.1016/j.virol.2019.03.007,Fang-Yuan Nie,2019,Discovery of a highly divergent hepadnavirus in shrews from China
S0114,31063092,10.1017/S0950268819000207,I. F. Saldanha,2019,Extension of the known distribution of a novel clade C betacoronavirus in a wildlife host
S0115,31216240,10.1089/vbz.2018.2424,Wen-Qiao He,2019,Detection of Hepatitis B Virus-Like Nucleotide Sequences in Liver Samples from Murine Rodents and Asian House Shrews
S0116,31371507,10.1073/pnas.1908072116,Andrea Rasche,2019,Highly diversified shrew hepatitis B viruses corroborate ancient origins and divergent infection patterns of mammalian hepadnaviruses
S0117,29095685,10.1099/jgv.0.000948,Alma Gedvilaite,2017,Novel polyomaviruses in shrews (Soricidae) with close similarity to human polyomavirus 12
S0118,29133028,10.1016/j.meegid.2017.11.010,Jiaxin Ling,2018,Evolution and postglacial colonization of Seewis hantavirus with Sorex araneus in Finland
S0119,29169627,10.1016/j.jcpa.2017.09.006,K. Koyama,2017,Cytomegalic Inclusion Disease caused by Cytomegalovirus Infection in the Salivary Glands of an African Hedgehog (Atelerix arbiventris)
S0120,29186061,10.3390/v9120364,Elodie Monchatre-Leroy,2017,"Identification of Alpha and Beta Coronavirus in Wildlife Species in France: Bats, Rodents, Rabbits, and Hedgehogs"
S0121,29272370,10.1093/gbe/evx268,Lies Laenen,2018,"A Novel Hantavirus of the European Mole, Bruges Virus, Is Involved in Frequent Nova Virus Coinfections"
S0122,29407376,10.1016/j.virol.2018.01.017,Yi-Quan Xiong,2018,Detection and phylogenetic analysis of torque teno virus (TTV) carried by murine rodents and house shrews in China
S0123,30005641,10.1186/s13071-018-2991-5,Ayodeji Olayemi,2018,"Widespread arenavirus occurrence and seroprevalence in small mammals, Nigeria"
S0124,30042503,10.1038/s41598-018-29560-x,Bert Vanmechelen,2018,"Expanding the Arterivirus Host Spectrum: Olivier’s Shrew Virus 1, A Novel Arterivirus Discovered in African Giant Shrews"
S0125,30226801,10.7589/2018-05-124,Carlos Calvete,2019,Detection of Rabbit Hemorrhagic Disease Virus GI.2/RHDV2/b in the Mediterranean Pine Vole (Microtus duodecimcostatus) and White-Toothed Shrew (Crocidura russula)
S0126,30285857,10.1186/s40168-018-0554-9,Zhiqiang Wu,2018,Comparative analysis of rodent and small mammal viromes to better understand the wildlife origin of emerging infectious diseases
S0127,27303915,10.1089/vbz.2015.1834,Valentina N. Bakhvalova,2016,"Tick-Borne Encephalitis Virus Diversity in Ixodid Ticks and Small Mammals in South-Western Siberia, Russia"
S0128,27433135,10.1186/s41182-016-0017-6,Hae Ji Kang,2016,"Dahonggou Creek virus, a divergent lineage of hantavirus harbored by the long-tailed mole (Scaptonyx fusicaudus)"
S0129,27862516,10.1111/mec.13887,Lies Laenen,2016,"Spatio-temporal analysis of Nova virus, a divergent hantavirus circulating in the European mole in Belgium"
S0130,28287930,10.1089/vbz.2016.2056,Xi-Feng Sun,2017,"Detection of Imjin Virus and Seoul Virus in Crocidurine Shrews in Shandong Province, China"
S0131,28295052,10.1038/srep44369,Seung-Ho Lee,2017,"Dynamic Circulation and Genetic Exchange of a Shrew-borne Hantavirus, Imjin virus, in the Republic of Korea"
S0132,28323557,10.1089/vbz.2016.2019,Yue Sun,2017,Seroprevalence of Severe Fever with Thrombocytopenia Syndrome Virus in Hedgehog from China
S0133,28634359,10.1038/emi.2017.36,Herbert Weissenböck,2017,Infections of horses and shrews with Bornaviruses in Upper Austria: a novel endemic area of Borna disease
S0134,28637760,10.1128/JVI.00764-17,Wen Wang,2017,Discovery of a Highly Divergent Coronavirus in the Asian House Shrew from China Illuminates the Origin of the Alphacoronaviruses
S0135,28721632,10.1007/s12250-017-3973-z,Bo Wang,2017,"Detection and characterization of three zoonotic viruses in wild rodents and shrews from Shenzhen city, China"
S0136,28972544,10.3390/v9100283,Jeffrey B. Doty,2017,Assessing Monkeypox Virus Prevalence in Small Mammals at the Human–Animal Interface in the Democratic Republic of the Congo
S0137,25530620,10.4267/2042/54201,Jean-Pierre Hugot,2014,Genetic Diversity of Talpa Europaea and Nova Hanta Virus (NVAV) in France
S0138,25874643,10.1371/journal.pone.0118483,Terry A. Klein,2015,"Hantaan Virus Surveillance Targeting Small Mammals at Nightmare Range, a High Elevation Military Training Area, Gyeonggi Province, Republic of Korea"
S0139,26313904,10.1371/journal.pone.0137018,Daniel Nobach,2015,Shedding of Infectious Borna Disease Virus-1 in Living Bicolored White-Toothed Shrews
S0140,26324724,10.4269/ajtmh.15-0344,Peter J. Walker,2015,"Genomic Characterization of Yogue, Kasokero, Issyk-Kul, Keterah, Gossas, and Thiafora Viruses: Nairoviruses Naturally Infecting Bats, Shrews, and Ticks"
S0141,26575627,10.1073/pnas.1516992112,Jan Felix Drexler,2015,Evolutionary origins of hepatitis A virus in small mammals
S0142,26892544,10.1038/srep21119,Se Hun Gu,2016,Isolation and partial characterization of a highly divergent lineage of hantavirus from the European mole (Talpa europaea)
S0143,26921799,10.1016/j.meegid.2016.01.031,Se Hun Gu,2016,Genetic variants of Cao Bang hantavirus in the Chinese mole shrew (Anourosorex squamipes) and Taiwanese mole shrew (Anourosorex yamashinai)
S0144,26980673,10.1007/s11262-016-1315-0,Xue-yan Zheng,2016,Detection of novel adenoviruses in fecal specimens from rodents and shrews in southern China
S0145,27102167,10.3390/v8030084,Theocharis Tsoleridis,2016,Discovery of Novel Alphacoronaviruses in European Rodents and Shrews
S0146,27172519,10.1089/vbz.2015.1903,Satoru Arai,2016,Genetic Diversity of Artybash Virus in the Laxmann’s Shrew (Sorex caecutiens)
S0147,24793967,10.1016/j.jcv.2014.03.020,Zhifeng Li,2014,"Seroprevalence of antibodies against SFTS virus infection in farmers and animals, Jiangsu, China"
S0148,24874196,10.1016/j.virusres.2014.05.014,Xian-Dan Lin,2014,"Biodiversity and evolution of Imjin virus and Thottapalayam virus in Crocidurinae shrews in Zhejiang Province, China"
S0149,24997334,10.1016/j.meegid.2014.06.023,Jiaxin Ling,2014,Hantaviruses in Finnish soricomorphs: Evidence for two distinct hantaviruses carried by Sorex araneus suggesting ancient host-switch
S0150,25087879,10.1016/j.virusres.2014.07.021,Cai-Qiao Wang,2014,"Co-circulation of Hantaan, Kenkeme, and Khabarovsk Hantaviruses in Bolshoy Ussuriysky Island, China"
S0151,25129384,10.1016/j.vetmic.2014.07.012,Hiroo Madarame,2014,Detection of a pneumonia virus of mice (PVM) in an African hedgehog (Atelerix arbiventris) with suspected wobbly hedgehog syndrome (WHS)
S0152,25319753,10.1099/vir.0.070219-0,Yasuko Orba,2015,Orthopoxvirus infection among wildlife in Zambia
S0153,25381053,10.1099/vir.0.071209-0,Michihito Sasaki,2015,Metagenomic analysis of the shrew enteric virome reveals novel viruses related to human stool-associated viruses
S0154,25418111,10.3201/eid2012.141013,Jian-Wei Liu,2014,"Prevalence of SFTSV among Asian House Shrews and Rodents, China, January–August 2013"
S0155,25445646,10.1016/j.meegid.2014.10.017,Se Hun Gu,2014,Co-circulation of Soricid- and Talpid-borne Hantaviruses in Poland
S0156,25506671,10.1016/j.virol.2014.11.026,Kun Li,2015,"Isolation and characterization of a novel arenavirus harbored by Rodents and Shrews in Zhejiang province, China"
S0157,22828778,10.1007/s00705-012-1405-9,Mathias Schlegel,2012,"Novel serological tools for detection of Thottapalayam virus, a Soricomorpha-borne hantavirus"
S0158,23693084,10.1186/1743-422X-10-160,Se Hun Gu,2013,"Boginia virus, a newfound hantavirus harbored by the Eurasian water shrew (Neomys fodiens) in Poland"
S0159,23876489,10.3201/eid1908.130069,Dawei Guan,2013,"Asian Musk Shrew as a Reservoir of Rat Hepatitis E Virus, China"
S0160,23602837,10.1016/j.meegid.2013.04.008,Lukáš Radosa,2013,Detection of shrew-borne hantavirus in Eurasian pygmy shrew (Sorex minutus) in Central Europe
S0161,23892145,10.1016/j.virusres.2013.07.011,Katarina Resman,2013,Molecular evidence and high genetic diversity of shrew-borne Seewis virus in Slovenia
S0162,23994121,10.1016/j.meegid.2013.08.016,Se Hun Gu,2013,Complete genome sequence and molecular phylogeny of a newfound hantavirus harbored by the Doucet’s musk shrew (Crocidura douceti) in Guinea
S0163,24274262,10.3201/eid1912.131076,Manon Bourg,2013,"Bicolored White-toothed Shrews as Reservoir for Borna Disease Virus, Bavaria, Germany"
S0164,24699636,10.1371/journal.pone.0093659,Ralf Dürrwald,2014,The Bicolored White-Toothed Shrew Crocidura leucodon (HERMANN 1780) Is an Indigenous Host of Mammalian Borna Disease Virus
S0165,24553099,10.1016/j.virusres.2014.02.004,Shu-Qing Zuo,2014,A new hantavirus from the stripe-backed shrew (Sorex cylindricauda) in the People’s Republic of China
S0166,21060247,Not reported in supplied PDF,Kentaro Yoshii,2011,Epizootiological Study of Tick–Borne Encephalitis Virus Infection in Japan
S0167,21303516,10.1186/1743-422X-8-56,Se Hun Gu,2011,"Genetic diversity of Imjin virus in the Ussuri white-toothed shrew (Crocidura lasiura) in the Republic of Korea, 2004-2010"
S0168,21632770,10.1128/JVI.02450-10,Hae Ji Kang,2011,Shared Ancestry between a Newfound Mole-Borne Hantavirus and Hantaviruses Harbored by Cricetid Rodents
S0169,21798050,10.1186/1743-422X-8-373,Hae Ji Kang,2011,"Molecular evolution of Azagny virus, a newfound hantavirus harbored by the West African pygmy shrew (Crocidura obscurior) in Côte d’Ivoire"
S0170,21896819,10.4269/ajtmh.2011.11-0034,Hae Ji Kang,2011,"Short Report: Genetic Diversity of Thottapalayam Virus, a Hantavirus Harbored by the Asian House Shrew (Suncus murinus) in Nepal"
S0171,21801855,10.1016/j.meegid.2011.07.013,Wen-Ping Guo,2011,A new subtype of Thottapalayam virus carried by the Asian house shrew (Suncus murinus) in China
S0172,22230701,10.1016/j.virol.2011.11.013,Satoru Arai,2012,Divergent ancestral lineages of newfound hantaviruses harbored by phylogenetically related crocidurine shrew species in Korea
S0173,22467179,10.1007/s11262-012-0736-7,Mathias Schlegel,2012,Broad geographical distribution and high genetic diversity of shrew-borne Seewis hantavirus in Central Europe
S0174,22607077,10.1089/vbz.2011.0618,Terry A. Klein,2012,"Hantaan Virus Surveillance in Small Mammals at Firing Points 10 and 60, Yeoncheon, Gyeonggi Province, Republic of Korea"
S0175,22673720,10.1292/jvms.11-0567,Vu Dinh Luan,2012,Studies on Hantavirus Infection in Small Mammals Captured in Southern and Central Highland Area of Vietnam
S0176,24044372,10.1017/S0950268813002197,S. H. Gu,2014,High prevalence of Nova hantavirus infection in the European mole (Talpa europaea) in France
S0177,18854415,10.1073/pnas.0808942105,Satoru Arai,2008,Molecular phylogeny of a newfound hantavirus in the Japanese shrew mole (Urotrichus talpoides)
S0178,19357167,10.1128/JVI.00371-09,Jin-Won Song,2009,"Characterization of Imjin Virus, a Newly Isolated Hantavirus from the Ussuri White-Toothed Shrew (Crocidura lasiura)"
S0179,19394994,10.1016/j.virol.2009.03.019,Hae Ji Kang,2009,Host switch during evolution of a genetically distinct hantavirus in the American shrew mole (Neurotrichus gibbsii)
S0180,19582155,10.1371/journal.pone.0006149,Hae Ji Kang,2009,Evolutionary Insights from a Genetically Divergent Hantavirus Harbored by the European Common Mole (Talpa europaea)
S0181,19930716,10.1186/1743-422X-6-208,Hae Ji Kang,2009,Genetic diversity and phylogeography of Seewis virus in the Eurasian common shrew in Finland and Hungary
S0182,20133953,10.1177/0300985809351849,M. E. Puorger,2010,"Distribution of Borna Disease Virus Antigen and RNA in Tissues of Naturally Infected Bicolored White-Toothed Shrews, Crocidura leucodon, Supporting Their Role as Reservoir Host Species"
S0183,20419812,10.1002/jmv.21737,Yong-Zhen Zhang,2010,"Hantaviruses in Small Mammals and Humans in the Coastal Region of Zhejiang Province, China"
S0184,20420534,10.1089/vbz.2009.0211,Marta Heroldová,2010,Tula Virus in Populations of Small Terrestrial Mammals in a Rural Landscape
S0185,20426682,10.1089/vbz.2009.0159,Hae Ji Kang,2010,Novel Hantavirus in the Flat-Skulled Shrew (Sorex roboratus)
S0186,20426688,10.1089/vbz.2009.0154,Liudmila N. Yashina,2010,"Seewis Virus: Phylogeography of a Shrew-Borne Hantavirus in Siberia, Russia"
S0187,15768102,10.1080/00480169.2004.36410,JP Parkes,2004,"Antibody responses to rabbit haemorrhagic disease virus in predators, scavengers, and hares in New Zealand during epidemics in sympatric rabbit populations"
S0188,16556344,10.1017/S0031182005009315,J. Laakkonen,2006,"Is there an association of Pneumocystis infection with the presence of arena-, hanta-, and poxvirus antibodies in wild mice and shrews in Finland?"
S0189,16584325,Not reported in supplied PDF,Valentina N. Bakhvalova,2006,"Natural Tick-Borne Encephalitis Virus Infection among Wild Small Mammals in the South-Eastern Part of Western Siberia, Russia"
S0190,16704819,Not reported in supplied PDF,Monika Hilbe,2006,Shrews as Reservoir Hosts of Borna Disease Virus
S0191,17182762,10.1128/CVI.00347-06,Megumi Okumura,2007,"Development of Serological Assays for Thottapalayam Virus, an Insectivore-Borne Hantavirus"
S0192,17711577,10.1186/1743-422X-4-80,Pragya D Yadav,2007,"Thottapalayam virus is genetically distant to the rodent-borne hantaviruses, consistent with its isolation from the Asian house shrew (Suncus murinus)"
S0193,17967200,10.1186/1743-422X-4-114,Jin-Won Song,2007,"Seewis virus, a genetically distinct hantavirus in the Eurasian common shrew (Sorex araneus)"
S0194,18256444,Not reported in supplied PDF,Satoru Arai,2008,Short Report: Phylogenetically Distinct Hantaviruses in the Masked Shrew (Sorex cinereus) and Dusky Shrew (Sorex monticolus) in the United States
S0195,18210195,10.1007/s11262-008-0200-x,Marc Gottschling,2008,"Novel papillomavirus isolates from Erinaceus europaeus (Erinaceidae, Insectivora) and the Cervidae (Artiodactyla), Cervus timorensis and Pudu puda, and phylogenetic analysis of partial sequence data"
S0196,18216123,10.1128/JVI.02646-07,Bernhard Ehlers,2008,Novel Mammalian Herpesviruses and Lineages within the Gammaherpesvirinae: Cospeciation and Interspecies Transfer
S0197,9391967,Not reported in supplied PDF,Nanette Dietrich,1997,A Small-Scale Survey of Hantavirus in Mammals from Indiana
S0198,9574803,Not reported in supplied PDF,James N. Mills,1998,A Survey of Hantavirus Antibody in Small-Mammal Populations in Selected United States National Parks
S0199,10580275,Not reported in supplied PDF,Jacques M. Morvan,1999,Identification of Ebola virus sequences present as RNA or DNA in organs of terrestrial small mammals of the Central African Republic
S0200,11814325,10.1053/jcpa.2001.0518,N. Allison,2002,Fatal Herpes Simplex Infection in a Pygmy African Hedgehog (Atelerix albiventris)
S0201,15557742,10.1111/j.1348-0421.2004.tb03616.x,Nandadeva Lokugamage,2004,Epizootiological and Epidemiological Study of Hantavirus Infection in Japan
S0202,14696782,Not reported in public PubMed abstract,Wannee Kantakamalakul,2003,Prevalence of rabies virus and Hantaan virus infections in commensal rodents and shrews trapped in Bangkok
S0203,11871252,Not reported in public PubMed abstract,V. N. Bakhvalova,2001,"[Involvement of the common shrew, Sorex araneus (Insectivora, Soricidae), in circulation of the tick-borne encephalitis virus in south-western Siberia]"
S0204,11030051,Not reported in public PubMed abstract,J. M. Morvan,2000,[Forest ecosystems and Ebola virus]
S0205,9333732,Not reported in public PubMed abstract,Z. Faragó,1997,[Rabid hedgehog in inner-city area of Budapest]
S0206,8722265,10.7589/0090-3558-32.2.274,Ana E. Jiménez,1996,Serological Survey of Small Mammals in a Vesicular Stomatitis Virus Enzootic Area
S0207,9014291,10.1016/S0264-410X(96)00114-4,E. Masson,1996,Safety study of the SAG2 rabies virus mutant in several non-target species with a view to its future use for the immunization of foxes in Europe
S0208,7953086,Not reported in public abstract,V. Celer,1994,[The role of small terrestrial mammals in the epidemiology of rabies]
S0209,Not identified (Kocianová 1993),Not identified,E. Kocianová,1993,"The prevalence of small terrestrial mammals infected with tick-borne encephalitis virus and leptospirae in the foothills of the southern Bavarian forest, Germany"
S0210,8352392,10.4269/ajtmh.1993.49.53,C. J. Mitchell,1993,Vector and host relationships of California serogroup viruses in western Siberia
S0211,1359712,Not reported in public abstract,Iu A Miasnikov,1992,[The disposition of natural foci of hemorrhagic fever with renal syndrome in different landscape areas of Tyumen Province]
S0212,Not identified (Markeshin CCHF Crimea),Not identified,S. Ya. Markeshin,,Оценка состояния природных очагов Крымской-Конго геморрагической лихорадки в Крыму [English variants: An assessment / An evaluation of the status of natural foci of Crimean-Congo hemorrhagic fever in the Crimea]
S0213,1701988,10.1007/BF01310535,T. Yokoi,1990,Characterization of cell fusion in XC cells induced by Suncus murinus mammary tumor virus
S0214,2575365,Not reported in public abstract,D. Fontenille,1989,"[Transmission cycles of the West-Nile virus in Madagascar, Indian Ocean]"
S0215,3169646,Not reported,E. Kocianová,1988,A contribution to the parasite fauna in winter nests of the common mole (Talpa europaea L.) and incidence of its infection with tick-borne encephalitis virus (TBE) and rickettsia Coxiella burnetii
S0216,2831384,10.1128/JVI.62.4.1235-1242.1988,Shin-Ichi Yanagawa,1988,Structural and Functional Analysis of Long Terminal Repeats of Suncus murinus Mammary Tumor Virus
S0217,2460996,10.1016/0042-6822(88)90088-8,Atsuko Aoyama,1988,Major Structural Polypeptides of Retrovirus Produced by a Suncus murinus Mammary Tumor Cell Line and Type D Retrovirus Share Interspecies Antigenic Determinants
S0218,2570514,Not reported,C. Chastel,1989,"Erve virus, a probable member of Bunyaviridae family isolated from shrews (Crocidura russula) in France"
S0219,2499205,10.4269/ajtmh.1989.40.541,A. J. Shepherd,1989,Viremia and antibody response of small African and laboratory animals to Crimean-Congo hemorrhagic fever virus infection
S0220,Not identified (Kucheruk & Pchelkina 1966),Not identified,V. V. Kucheruk,1966,[Viremia in hedgehogs infected with the tick-borne encephalitis virus] / Viremia and the dynamics of complement-fixing antibodies in hedgehogs infected with tick-borne encephalitis virus
S0221,2451354,Not reported in public abstract,E. A. Tkachenko,1987,[Circulation of the virus of hemorrhagic fever with renal syndrome among small mammals in the territory of the USSR]
S0222,2886549,10.1099/0022-1317-68-8-2253,W. J. Morrow,1987,Small Animals Are Not Susceptible to Human Immunodeficiency Virus Infection
S0223,3101526,10.4269/ajtmh.1987.36.133,A. J. Shepherd,1987,Antibody to Crimean-Congo hemorrhagic fever virus in wild mammals from southern Africa
S0224,2883857,Not reported in article/PubMed,R. Verhagen,1987,Occurrence and distribution of Hantavirus in wild living mammals in Belgium
S0225,6430758,Not reported,Z. Hubálek,1984,Experimental infection of hedgehog (Erinaceus europaeus) with Bhanja virus
S0226,2857871,10.1016/S0140-6736(85)92108-7,Y. W. Tang,1985,"Isolation of haemorrhagic fever with renal syndrome virus from Suncus murinus, an insectivore"
S0227,4060590,10.1016/0042-6822(85)90324-1,Yoshihiro Tsutsui,1985,"A new retrovirus produced by tissue culture cell line from mammary tumor of a house musk shrew, Suncus murinus"
S0228,2417416,10.1016/0042-6822(86)90324-7,Toyoharu Yokoi,1986,Biochemical and Immunological Characterization of Suncus murinus Mammary Tumor Virus DNA Polymerase
S0229,3100244,Not reported,Chen Shang-zhi,1986,Strains of epidemic hemorrhagic fever virus isolated from the lungs of C. russula and A. squamipes
S0230,2421890,Not reported in PubMed record,J. M. Yamashiro,1986,"Ultrastructural characterization of the retrovirus particles (Sm-MTV) liberated from the mammary tumor cell line (Sm-MT) of a house musk shrew, Suncus murinus (Insectivora)"
S0231,3084630,Not reported in PubMed abstract,L. Danes,1986,Hemorrhagic fever with renal syndrome in Czechoslovakia: detection of antigen in small terrestrial mammals and specific serum antibodies in man
S0232,Not identified (Banerjee et al. 1984),Not identified,K. Banerjee,1984,Susceptibility of Cynopterus sphinx (frugivorus bat) & Suncus murinus (house shrew) to Japanese encephalitis virus
S0233,6839405,Not reported in PubMed abstract,C. Chastel,1983,[Arbovirus infections in Tunisia: new serological survey of small wild mammals]
S0234,7165896,Not reported in PubMed abstract,C. Chastel,1982,[Arbovirus infections in Morocco: serosurvey in small wild mammals in the northern part of the country]
S0235,7013778,Not reported in supplied PDF,A. D. Vizoso,1981,Paramyxoviruses of the morbilli group in the wild hedgehog Erinaceus europeus
S0236,7074369,Not reported,J. Nosek,1982,[Detection of a natural focus of tick-borne encephalitis in Central Slovakia. II. Synecology of the tick-borne encephalitis virus in middle Povazie (author's transl)]
S0237,Not identified (Goverdhan & Anderson 1981),Not identified,M. K. Goverdhan,1981,The reaction of Funambulus tristriatus tristriatus Rattus blanfordi and Suncus murinus to Kyasanur forest disease virus
S0238,7460127,Not reported in public abstract,C. Chastel,1980,[Arbovirus infections in Spain: serological survey on small mammals]
S0239,Not identified (Tomori 1980),10.1080/00034983.1980.11687325,O. Tomori,1980,Wild life rabies in Nigeria: experimental infection and transmission studies with the shrew (Crocidura sp.)
S0240,419743,Not reported in public abstract,K. A. Vanag,1979,[Pathomorphological characteristics of the experimental infection in animals infected with viruses of the rabies antigenic group]
S0241,677617,Not reported in public abstract,G. Le Gonidec,1978,[Isolation of a strain of Mokola virus in Cameroon (author's transl)]
S0242,211075,Not reported,D. Málková,1978,Relationships of Lednice (Yaba 1) Arbovirus to some small mammals
S0243,5530013,10.1128/JVI.6.5.690-692.1970,Robert E. Shope,1970,Two African Viruses Serologically and Morphologically Related to Rabies Virus
S0244,4772939,10.1007/BF01250419,G. E. Kemp,1973,"Mokola Virus: Experimental Infection and Transmission Studies with the Shrew, a Natural Host"
S0245,4210769,10.7589/0090-3558-10.3.279,Graham E. Kemp,1974,"Isolation of Viruses from Wild Mammals in West Africa, 1966-1970"
S0246,5025622,Not reported in PubMed record,G. E. Kemp,1972,"Mokola virus. Further studies on IbAn 27377, a new rabies-related etiologic agent of zoonosis in nigeria"
S0247,5169031,Not reported in PubMed record,D. E. Carey,1971,Thottapalayam virus: a presumptive arbovirus isolated from a shrew in India
S0248,5146297,Not reported,V. Topciu,1971,The existence of arbovirus group B (Casals) disclosed by serological analysis of various animal species in the province of Banat (Rumania)
S0249,5453910,10.4269/ajtmh.1970.19.846,O. R. Causey,1970,"Congo virus from domestic livestock, African hedgehog, and arthropods in Nigeria"
S0250,5466093,Not reported,H. Aspöck,1970,[Field studies on the importance of the hedgehog (Erinacaeus europaeus roumanicus Barett-Hamilton) in the cycle of Tahyna virus]
S0251,5298540,Not reported,J. Nosek,1967,The Relationship between the Tick-borne Encephalitis Virus and the Ticks and Mammals of the Tribec Mountain Range
S0252,5298543,Not reported,O. Kozuch,1967,The Role of Small Rodents and Hedgehogs in a Natural Focus of Tick-borne Encephalitis
S0253,5393202,Not reported,O. Kozuch,1969,[Synecological studies in natural disease reservoirs of the early summer meningoencephalitis virus of the Carpathian type]
S0254,5679154,Not reported,J. Boshell,1968,Preliminary studies on the susceptibility of wild rodents and shrews to KFD virus
S0255,5745715,Not reported,J. Nosek,1968,[Studies of the ecology of the Central European tick-borne encephalitis virus in Northern Moravia]
S0256,4383896,Not reported,O. Kozuch,1967,Isolation of tick-borne encephalitis virus from the blood of Sorex araneus in a natural focus
S0257,4381993,Not reported,O. Kozuch,1966,Serological survey and isolation of tick-borne encephalitis virus from the blood of the mole (Talpa europaea) in a natural focus
